{
  "hero": {
    "title": "Southern Wisconsin Multifamily Brokerage",
    "subtitle": "BOVs, valuations, and deal execution for 5+ unit apartments across Milwaukee\u2013Madison and surrounding markets.",
    "primary_cta": {
      "label": "Get a Free BOV",
      "href": "#contact"
    },
    "secondary_cta": {
      "label": "See Services",
      "href": "#services"
    }
  },
  "stats": [
    {
      "kpi": "Owner\u2011first",
      "label": "Boutique service & confidentiality"
    },
    {
      "kpi": "Local focus",
      "label": "Milwaukee\u2013Madison corridor"
    },
    {
      "kpi": "Data\u2011driven",
      "label": "Pricing & underwriting support"
    }
  ],
  "services": {
    "lead": "We help owners price, position, and sell with confidence. Boutique speed, local data, and a deep investor network deliver clean execution and maximum value.",
    "items": [
      {
        "title": "Seller Representation",
        "body": "BOV, pricing strategy, confidential/off\u2011market options, targeted marketing, negotiation, and diligence through close."
      },
      {
        "title": "Buyer Representation",
        "body": "On\u2011 and off\u2011market sourcing, underwriting support, lender introductions, and offer strategy."
      },
      {
        "title": "Valuations",
        "body": "Asset and development\u2011site valuations to inform refinancing, partner discussions, or go\u2011to\u2011market decisions."
      },
      {
        "title": "Market Insights",
        "body": "Comps, cap rates, rent trends, and supply/demand snapshots tailored to each submarket."
      },
      {
        "title": "Local Network",
        "body": "Vetted lenders, attorneys, property managers, and inspectors to move fast and de\u2011risk execution."
      },
      {
        "title": "Portfolio Planning",
        "body": "Hold/sell analysis, 1031 timelines, and long\u2011term planning for generational owners and syndicators."
      }
    ]
  },
  "about": {
    "title": "Meet Max Fiascone",
    "body": "I help owners of 5\u2013100 unit properties across Southern Wisconsin price and sell with confidence. Focused on secondary and tertiary submarkets where local relationships and data matter most.",
    "bullets": [
      "Owner\u2011first, boutique execution",
      "Data\u2011driven BOVs & underwriting",
      "Strong investor and lender network"
    ],
    "photo": "/assets/about.jpg",
    "cta": {
      "label": "Email & Schedule",
      "href": "#contact"
    }
  },
  "markets": {
    "lead": "Coverage from Milwaukee to Madison, plus Racine, Kenosha, Waukesha, Rock, Brown, and nearby counties.",
    "items": [
      {
        "name": "Milwaukee",
        "blurb": "Diverse renter base, job anchors, and steady mid\u2011market trades.",
        "image": "/assets/market-mke.jpg"
      },
      {
        "name": "Madison",
        "blurb": "University & state employment engine with resilient fundamentals.",
        "image": "/assets/market-msn.jpg"
      },
      {
        "name": "Racine & Kenosha",
        "blurb": "IL/WI commuter corridor with value\u2011add opportunities.",
        "image": "/assets/market-rk.jpg"
      },
      {
        "name": "Waukesha",
        "blurb": "Strong incomes, suburban product, stable rent growth.",
        "image": "/assets/market-wk.jpg"
      },
      {
        "name": "Rock",
        "blurb": "Manufacturing base with improving fundamentals.",
        "image": "/assets/market-rock.jpg"
      },
      {
        "name": "Brown",
        "blurb": "Green Bay metro; stable demand and investor\u2011friendly price points.",
        "image": "/assets/market-brown.jpg"
      }
    ]
  },
  "contact": {
    "email": "max@multifamily-max.com",
    "subject": "BOV Request",
    "phone": "+18479701233",
    "phone_display": "(847) 970\u20111233",
    "area": "Milwaukee\u2013Madison corridor & surrounding counties",
    "hours": "Tue\u2013Fri mornings/lunch & after 4 PM CST",
    "privacy": "Confidentiality guaranteed. Your info is never shared without permission.",
    "submit_label": "Send",
    "hint": "This opens your email client; include rent roll/NOI if available."
  }
}